{"cameraMode":{"drawMode":0,"name":"Shaded","section":"Shading Mode"},"sceneLighting":false,"audioPlay":false,"sceneViewState":{"showFog":true,"showMaterialUpdate":false,"showSkybox":false,"showFlares":true,"showImageEffects":true,"showParticleSystems":true},"in2DMode":false,"pivot":{"x":3.0899999141693117,"y":1.4499999284744263,"z":-6.059999942779541},"rotation":{"x":0.006513786036521196,"y":-0.9913110136985779,"z":0.053890980780124667,"w":0.11982598900794983},"size":2.8669064044952394,"orthographic":false}